City_ID,City,Country,Date,Lat,Lng,Max Temp,Humidity,Cloudiness,Wind Speed
0,Albany,US,2021-10-22 06:43:53,42.6001,-73.9662,61.27,89,100,5.03
1,Hilo,US,2021-10-22 06:44:47,19.7297,-155.09,73.27,78,1,4.61
2,Thinadhoo,MV,2021-10-22 06:44:48,0.5333,72.9333,82.85,70,80,8.99
3,Bushehr,IR,2021-10-22 06:44:48,28.9684,50.8385,82.42,44,0,9.22
4,Cheremukhovo,RU,2021-10-22 06:44:49,60.3484,59.9851,35.08,82,100,4.63
5,Castro,BR,2021-10-22 06:44:49,-24.7911,-50.0119,48.92,93,1,2.86
6,Thai Binh,VN,2021-10-22 06:41:06,20.45,106.3333,71.6,80,100,12.86
7,Garowe,SO,2021-10-22 06:44:50,8.4054,48.4845,81.59,51,88,2.01
8,Hofn,IS,2021-10-22 06:44:50,64.2539,-15.2082,32.11,53,100,5.41
9,Bredasdorp,ZA,2021-10-22 06:44:51,-34.5322,20.0403,67.28,67,30,8.05
10,Butaritari,KI,2021-10-22 06:44:51,3.0707,172.7902,82.35,78,37,12.41
11,Bengkulu,ID,2021-10-22 06:42:25,-3.8004,102.2655,82.09,74,100,6.49
12,Mayumba,GA,2021-10-22 06:44:52,-3.432,10.6554,77.52,85,100,4.54
13,Hermanus,ZA,2021-10-22 06:44:52,-34.4187,19.2345,67.8,61,63,23.09
14,Saint-Philippe,RE,2021-10-22 06:44:53,-21.3585,55.7679,80.22,73,35,7.23
15,Rikitea,PF,2021-10-22 06:44:53,-23.1203,-134.9692,73.92,81,100,23.29
16,Makakilo City,US,2021-10-22 06:41:21,21.3469,-158.0858,75.56,76,20,6.91
17,Sao Filipe,CV,2021-10-22 06:44:54,14.8961,-24.4956,80.04,65,0,3.53
18,Pisco,PE,2021-10-22 06:44:55,-13.7,-76.2167,59.05,88,0,3.44
19,Nabire,ID,2021-10-22 06:44:55,-3.3667,135.4833,77.0,90,100,3.02
20,New Norfolk,AU,2021-10-22 06:44:56,-42.7826,147.0587,70.66,46,100,1.99
21,Ushuaia,AR,2021-10-22 06:44:56,-54.8,-68.3,37.06,81,0,5.75
22,Calatagan,PH,2021-10-22 06:44:57,13.8833,120.65,86.07,68,100,10.83
23,Arraial Do Cabo,BR,2021-10-22 06:44:57,-22.9661,-42.0278,66.9,69,94,4.25
24,Bethel,US,2021-10-22 06:44:58,41.3712,-73.414,64.76,90,40,0.0
25,Stornoway,GB,2021-10-22 06:44:58,58.2093,-6.3865,39.16,87,20,6.91
26,Puerto Ayora,EC,2021-10-22 06:44:58,-0.7393,-90.3518,69.31,90,100,8.21
27,Calamar,CO,2021-10-22 06:44:59,10.2511,-74.9146,78.75,96,56,5.59
28,Esperance,AU,2021-10-22 06:44:59,-33.8667,121.9,64.24,57,49,10.2
29,Colomi,BO,2021-10-22 06:45:00,-17.35,-65.8667,55.42,84,48,2.64
30,Punta Arenas,CL,2021-10-22 06:40:34,-53.15,-70.9167,44.71,57,75,21.85
31,Nova Olimpia,BR,2021-10-22 06:45:01,-14.7972,-57.2881,77.09,75,86,3.53
32,Dikson,RU,2021-10-22 06:45:01,73.5069,80.5464,20.86,75,10,8.93
33,Seoul,KR,2021-10-22 06:45:02,37.5683,126.9778,64.81,35,20,10.36
34,Khatanga,RU,2021-10-22 06:45:03,71.9667,102.5,10.0,92,100,9.73
35,Weihe,CN,2021-10-22 06:45:04,32.9952,105.3247,50.59,81,100,5.28
36,Georgetown,MY,2021-10-22 06:45:05,5.4112,100.3354,89.53,66,40,7.0
37,Charters Towers,AU,2021-10-22 06:45:05,-20.1,146.2667,90.72,35,2,26.6
38,Coihaique,CL,2021-10-22 06:45:06,-45.5752,-72.0662,33.75,93,0,2.3
39,Mar Del Plata,AR,2021-10-22 06:43:32,-38.0023,-57.5575,62.1,98,90,13.0
40,Mataura,NZ,2021-10-22 06:45:06,-46.1927,168.8643,54.0,75,90,1.74
41,Port Blair,IN,2021-10-22 06:45:07,11.6667,92.75,84.36,73,100,3.29
42,Faanui,PF,2021-10-22 06:45:07,-16.4833,-151.75,79.66,76,5,8.16
43,Zyryanka,RU,2021-10-22 06:45:08,65.75,150.85,-1.57,91,25,3.65
44,Lumphat,KH,2021-10-22 06:45:08,13.4878,106.9816,84.45,79,53,5.88
45,Nishihara,JP,2021-10-22 06:45:09,26.1842,127.7558,74.48,63,90,17.27
46,Vaini,TO,2021-10-22 06:45:09,-21.2,-175.2,73.56,88,75,8.05
47,Hobart,AU,2021-10-22 06:45:10,-42.8794,147.3294,71.02,62,75,1.99
48,Nanortalik,GL,2021-10-22 06:45:10,60.1432,-45.2371,40.12,71,100,6.11
49,Sorland,NO,2021-10-22 06:45:10,67.667,12.6934,40.86,70,75,34.52
50,Russell,US,2021-10-22 06:45:11,32.3502,-85.1999,69.03,94,100,3.96
51,Parangan,PH,2021-10-22 06:45:12,5.0839,119.9383,82.94,78,100,10.45
52,Matagami,CA,2021-10-22 06:45:13,49.7502,-77.6328,28.51,100,90,11.5
53,Malanje,AO,2021-10-22 06:45:13,-9.5402,16.341,67.89,87,100,2.42
54,Torbay,CA,2021-10-22 06:45:13,47.6666,-52.7314,40.75,83,1,12.66
55,Chuy,UY,2021-10-22 06:45:14,-33.6971,-53.4616,52.23,90,2,3.09
56,Vila Velha,BR,2021-10-22 06:45:15,-20.3297,-40.2925,67.95,83,75,3.44
57,Birnin Kebbi,NG,2021-10-22 06:45:15,12.4539,4.1975,81.9,59,11,6.17
58,San Cristobal,VE,2021-10-22 06:45:16,7.7669,-72.225,64.27,98,33,2.21
59,Pevek,RU,2021-10-22 06:45:16,69.7008,170.3133,12.9,93,100,9.93
60,Pucara,PE,2021-10-22 06:45:17,-15.9803,-71.4606,39.02,24,98,1.39
61,Asyut,EG,2021-10-22 06:45:17,27.181,31.1837,66.38,50,4,15.35
62,Nikolskoye,RU,2021-10-22 06:45:18,59.7035,30.7861,46.87,68,94,19.24
63,Gorontalo,ID,2021-10-22 06:45:18,0.5412,123.0595,82.71,77,100,1.92
64,Uige,AO,2021-10-22 06:45:19,-7.6087,15.0613,70.11,93,100,2.28
65,Mwinilunga,ZM,2021-10-22 06:45:19,-11.7358,24.4293,73.47,67,100,1.41
66,Richards Bay,ZA,2021-10-22 06:45:20,-28.783,32.0377,75.11,64,100,14.61
67,Clyde River,CA,2021-10-22 06:45:20,70.4692,-68.5914,19.53,78,74,5.35
68,Sao Joao Da Barra,BR,2021-10-22 06:42:14,-21.6403,-41.0511,64.42,83,49,4.38
69,Norman Wells,CA,2021-10-22 06:45:21,65.282,-126.8329,35.64,75,40,6.91
70,Port Alfred,ZA,2021-10-22 06:45:21,-33.5906,26.891,70.99,64,100,9.82
71,Tura,IN,2021-10-22 06:45:22,25.5198,90.2201,79.83,46,5,3.33
72,Lompoc,US,2021-10-22 06:41:13,34.6391,-120.4579,61.12,90,90,4.61
73,Qaanaaq,GL,2021-10-22 06:45:23,77.484,-69.3632,-1.91,75,0,8.77
74,Avesta,SE,2021-10-22 06:45:23,60.1455,16.1679,37.4,67,10,11.7
75,Gornopravdinsk,RU,2021-10-22 06:41:20,60.05,69.9,34.0,70,100,8.46
76,Katherine,AU,2021-10-22 06:45:24,-14.4667,132.2667,98.92,32,13,10.36
77,Tuatapere,NZ,2021-10-22 06:45:24,-46.1333,167.6833,52.02,78,29,2.95
78,Pandan,PH,2021-10-22 06:45:25,14.0453,124.1694,82.4,82,100,11.23
79,Kahului,US,2021-10-22 06:45:25,20.8947,-156.47,76.84,81,1,6.91
80,Erdenet,MN,2021-10-22 06:45:25,49.0333,104.0833,43.54,30,37,3.83
81,Qeshm,IR,2021-10-22 06:45:26,26.9581,56.2719,93.07,53,0,1.81
82,Mahebourg,MU,2021-10-22 06:45:26,-20.4081,57.7,80.89,69,75,16.11
83,Busselton,AU,2021-10-22 06:45:31,-33.65,115.3333,70.05,49,2,12.03
84,Luderitz,NA,2021-10-22 06:45:31,-26.6481,15.1594,61.41,69,7,11.1
85,Tuy Hoa,VN,2021-10-22 06:45:31,13.0833,109.3,82.94,76,67,11.9
86,Cherskiy,RU,2021-10-22 06:45:32,68.75,161.3,2.53,99,99,5.46
87,Atar,MR,2021-10-22 06:45:33,20.5169,-13.0499,71.73,18,100,7.49
88,Narsaq,GL,2021-10-22 06:45:33,60.9167,-46.05,32.22,62,100,4.79
89,Solvychegodsk,RU,2021-10-22 06:45:34,61.3305,46.9156,47.59,95,100,12.15
90,Atuona,PF,2021-10-22 06:43:31,-9.8,-139.0333,78.28,77,51,19.86
91,Kaitangata,NZ,2021-10-22 06:45:34,-46.2817,169.8464,50.83,87,33,7.56
92,Agirish,RU,2021-10-22 06:45:35,61.9247,63.0231,31.87,80,99,9.53
93,Tual,ID,2021-10-22 06:45:35,-5.6667,132.75,83.79,69,86,6.71
94,Khandyga,RU,2021-10-22 06:45:36,62.6667,135.6,25.03,93,100,9.33
95,Kodiak,US,2021-10-22 06:43:59,57.79,-152.4072,37.54,69,100,12.3
96,Plettenberg Bay,ZA,2021-10-22 06:45:36,-34.0527,23.3716,59.67,96,100,9.46
97,Cape Town,ZA,2021-10-22 06:43:35,-33.9258,18.4232,65.08,67,40,5.01
98,Svetlogorsk,BY,2021-10-22 06:45:37,52.6333,29.7333,51.94,62,91,18.41
99,Odienne,CI,2021-10-22 06:45:37,9.51,-7.5692,71.65,95,25,0.18
100,Bluff,NZ,2021-10-22 06:45:38,-46.6,168.3333,52.45,80,83,8.37
101,Malakal,SS,2021-10-22 06:45:38,9.5334,31.6605,86.9,56,100,2.21
102,Isangel,VU,2021-10-22 06:45:39,-19.55,169.2667,82.51,69,75,0.0
103,Baoro,CF,2021-10-22 06:45:39,5.6667,15.9667,72.82,89,97,4.7
104,Walvis Bay,NA,2021-10-22 06:45:40,-22.9575,14.5053,57.09,76,0,4.61
105,Hithadhoo,MV,2021-10-22 06:45:40,-0.6,73.0833,82.33,72,100,8.63
106,Camacha,PT,2021-10-22 06:45:41,33.0833,-16.3333,66.52,88,40,8.05
107,Broken Hill,AU,2021-10-22 06:45:41,-31.95,141.4333,89.31,17,0,4.61
108,Nome,US,2021-10-22 06:44:24,64.5011,-165.4064,31.15,86,90,14.97
109,Berlevag,NO,2021-10-22 06:45:42,70.8578,29.0864,33.75,60,75,19.57
110,Straumen,NO,2021-10-22 06:45:42,63.8709,11.2999,40.62,85,100,6.35
111,Kapaa,US,2021-10-22 06:45:43,22.0752,-159.319,76.98,87,1,14.97
112,Moose Factory,CA,2021-10-22 06:45:44,51.2585,-80.6094,32.0,93,90,9.22
113,Ust-Tsilma,RU,2021-10-22 06:45:44,65.441,52.1498,31.59,94,99,5.64
114,Constitucion,CL,2021-10-22 06:45:45,-35.3333,-72.4167,49.51,82,0,9.1
115,Carupano,VE,2021-10-22 06:45:45,10.6678,-63.2585,76.08,90,45,7.34
116,Manokwari,ID,2021-10-22 06:45:46,-0.8667,134.0833,80.96,79,100,9.95
117,Tapes,BR,2021-10-22 06:43:33,-30.6733,-51.3958,58.87,92,10,4.92
118,Kavaratti,IN,2021-10-22 06:45:46,10.5669,72.642,82.27,76,49,3.69
119,Ahuimanu,US,2021-10-22 06:45:47,21.4447,-157.8378,76.75,77,90,8.05
120,Port Keats,AU,2021-10-22 06:45:47,-14.25,129.55,90.5,58,9,13.09
121,Axim,GH,2021-10-22 06:45:48,4.8699,-2.2405,78.8,83,100,5.06
122,Dzerzhinsk,RU,2021-10-22 06:45:48,56.2389,43.4631,53.42,71,40,13.42
123,Leh,IN,2021-10-22 06:41:55,34.1667,77.5833,45.48,27,84,7.96
124,Pitimbu,BR,2021-10-22 06:45:49,-7.4706,-34.8086,77.59,82,100,9.19
125,Coahuayana,MX,2021-10-22 06:45:49,18.7333,-103.6833,77.92,91,99,2.73
126,Klyuchi,RU,2021-10-22 06:45:50,52.2667,79.1667,43.18,45,100,19.93
127,Port Lincoln,AU,2021-10-22 06:45:50,-34.7333,135.8667,61.16,65,17,15.1
128,Lagoa,PT,2021-10-22 06:45:51,39.05,-27.9833,67.15,72,99,5.91
129,Sardarshahr,IN,2021-10-22 06:45:51,28.4333,74.4833,89.35,23,0,18.61
130,Alihe,CN,2021-10-22 06:45:52,50.5667,123.7167,46.8,55,7,5.75
131,Sambava,MG,2021-10-22 06:45:52,-14.2667,50.1667,81.23,65,96,8.19
132,Chimbote,PE,2021-10-22 06:45:53,-9.0853,-78.5783,62.31,90,98,6.67
133,Pointe Michel,DM,2021-10-22 06:45:53,15.25,-61.3833,81.18,71,14,21.03
134,Alegrete,BR,2021-10-22 06:45:54,-29.7831,-55.7919,52.92,89,0,8.23
135,Portland,US,2021-10-22 06:42:30,45.5234,-122.6762,55.98,94,90,1.01
136,Vila Franca Do Campo,PT,2021-10-22 06:45:55,37.7167,-25.4333,63.01,76,100,4.41
137,Kapoeta,SS,2021-10-22 06:45:55,4.7717,33.5903,88.05,40,14,12.68
138,Codrington,AU,2021-10-22 06:45:56,-38.2667,141.9667,55.45,95,99,7.47
139,Jiamusi,CN,2021-10-22 06:44:22,46.8333,130.35,49.82,33,20,10.6
140,Coquimbo,CL,2021-10-22 06:45:56,-29.9533,-71.3436,53.33,87,0,3.44
141,Estelle,US,2021-10-22 06:45:57,29.8458,-90.1067,75.18,85,90,0.0
142,Fortuna,US,2021-10-22 06:45:57,40.5982,-124.1573,57.42,74,90,3.0
143,Port Elizabeth,ZA,2021-10-22 06:44:19,-33.918,25.5701,67.1,82,0,4.61
144,Kysyl-Syr,RU,2021-10-22 06:45:58,63.8986,122.7617,31.44,84,100,6.4
145,Ponta Do Sol,PT,2021-10-22 06:45:59,32.6667,-17.1,70.72,65,20,4.5
146,Puerto Baquerizo Moreno,EC,2021-10-22 06:42:33,-0.9,-89.6,69.04,88,46,10.04
147,Grindavik,IS,2021-10-22 06:45:59,63.8424,-22.4338,37.87,93,90,12.66
148,Ixtapa,MX,2021-10-22 06:46:00,20.7,-105.2,76.33,96,86,1.86
149,Severo-Kurilsk,RU,2021-10-22 06:46:00,50.6789,156.125,38.14,75,83,9.01
150,Daru,PG,2021-10-22 06:46:01,-9.0763,143.2092,83.84,67,78,10.38
151,Irece,BR,2021-10-22 06:46:01,-11.3042,-41.8558,70.27,85,100,4.74
152,Martapura,ID,2021-10-22 06:46:02,-3.4167,114.85,89.69,62,40,9.22
153,Lucapa,AO,2021-10-22 06:46:03,-8.4192,20.7447,70.23,88,100,3.96
154,Jamestown,US,2021-10-22 06:46:03,42.097,-79.2353,54.99,95,90,7.0
155,Saldanha,ZA,2021-10-22 06:46:04,-33.0117,17.9442,59.05,78,100,22.44
156,Coos Bay,US,2021-10-22 06:46:05,43.3665,-124.2179,55.92,100,90,12.66
157,Jieshi,CN,2021-10-22 06:46:05,22.8134,115.8257,66.94,76,100,12.88
158,Laguna,US,2021-10-22 06:46:06,38.421,-121.4238,66.7,90,75,3.44
159,Saskylakh,RU,2021-10-22 06:46:07,71.9167,114.0833,-5.19,100,95,1.9
160,Nowy Dwor Gdanski,PL,2021-10-22 06:46:07,54.2131,19.1177,46.15,71,100,21.07
161,Barrow,US,2021-10-22 06:46:08,71.2906,-156.7887,28.42,93,90,6.91
162,Hazorasp,UZ,2021-10-22 06:46:09,41.3194,61.0742,49.84,30,18,5.91
163,Cuamba,MZ,2021-10-22 06:46:10,-14.8031,36.5372,84.9,35,12,4.18
164,Salamanca,ES,2021-10-22 06:46:10,40.8333,-6.0,47.62,89,0,10.02
165,Eyrarbakki,IS,2021-10-22 06:46:11,63.863,-21.1481,35.65,79,100,10.13
166,Svetlyy,RU,2021-10-22 06:46:11,54.675,20.1347,46.45,73,100,28.43
167,Neusiedl Am See,AT,2021-10-22 06:46:12,47.9357,16.8325,56.98,71,100,7.74
168,San Carlos,VE,2021-10-22 06:46:13,9.6612,-68.5827,71.37,92,16,2.46
169,Filadelfia,US,2021-10-22 06:44:10,39.9523,-75.1638,66.87,77,20,1.99
170,Fairbanks,US,2021-10-22 06:46:14,64.8378,-147.7164,35.31,86,1,0.0
171,Mount Gambier,AU,2021-10-22 06:46:15,-37.8333,140.7667,58.91,82,90,14.97
172,Riyadh,SA,2021-10-22 06:45:55,24.6877,46.7219,77.14,27,0,4.45
173,Sanchursk,RU,2021-10-22 06:46:15,56.9413,47.2499,51.6,78,100,16.35
174,Novikovo,RU,2021-10-22 06:46:16,51.1537,37.8879,54.34,71,100,17.83
175,Nioro,GM,2021-10-22 06:46:17,13.35,-15.75,75.52,93,100,3.74
176,Geraldton,AU,2021-10-22 06:46:17,-28.7667,114.6,73.81,49,0,20.71
177,Vilhena,BR,2021-10-22 06:46:17,-12.7406,-60.1458,70.56,95,100,3.02
178,Evensk,RU,2021-10-22 06:46:18,61.95,159.2333,5.99,78,6,6.58
179,Burayevo,RU,2021-10-22 06:46:18,55.8407,55.4083,44.56,100,100,13.53
180,La Ronge,CA,2021-10-22 06:45:11,55.1001,-105.2842,34.05,51,1,5.75
181,Ochakiv,UA,2021-10-22 06:46:19,46.6128,31.5498,55.58,65,12,9.08
182,East London,ZA,2021-10-22 06:46:20,-33.0153,27.9116,68.94,88,20,4.61
183,Le Port,RE,2021-10-22 06:46:20,-20.9373,55.2919,81.61,71,26,6.44
184,Rio Grande,BR,2021-10-22 06:46:21,-32.035,-52.0986,58.62,86,0,3.6
185,Sechura,PE,2021-10-22 06:46:21,-5.5569,-80.8222,66.02,81,100,8.59
186,Zhangjiakou,CN,2021-10-22 06:46:21,40.81,114.8794,50.27,27,0,1.59
187,Vostok,RU,2021-10-22 06:46:22,46.4856,135.8833,33.75,69,70,6.42
188,Talnakh,RU,2021-10-22 06:46:22,69.4865,88.3972,15.33,98,100,4.16
189,Dano,BF,2021-10-22 06:46:23,11.15,-3.0667,77.23,73,43,4.83
190,Champerico,GT,2021-10-22 06:46:23,14.3,-91.9167,81.36,85,100,5.35
191,Praia Da Vitoria,PT,2021-10-22 06:46:24,38.7333,-27.0667,64.76,94,40,9.75
192,San Quintin,MX,2021-10-22 06:46:14,30.4833,-115.95,63.21,84,57,10.16
193,Sioux Lookout,CA,2021-10-22 06:46:24,50.1001,-91.917,35.67,80,90,4.61
194,San Andres,CO,2021-10-22 06:46:25,12.5847,-81.7006,82.42,83,75,5.75
195,Northampton,US,2021-10-22 06:46:25,40.8754,-75.2499,62.78,84,7,1.01
196,Shieli,KZ,2021-10-22 06:46:26,44.1667,66.75,46.87,39,100,10.04
197,Mehamn,NO,2021-10-22 06:46:26,71.0357,27.8492,35.78,65,100,20.02
198,Half Moon Bay,US,2021-10-22 06:45:11,37.4636,-122.4286,66.02,87,90,1.99
199,Taybad,IR,2021-10-22 06:42:25,34.74,60.7756,52.25,31,0,19.39
200,Port Hawkesbury,CA,2021-10-22 06:46:27,45.6169,-61.3485,55.58,93,90,1.99
201,Lebu,CL,2021-10-22 06:46:28,-37.6167,-73.65,46.47,85,3,10.74
202,Magrath,CA,2021-10-22 06:43:17,49.4167,-112.8686,39.52,75,96,2.3
203,Kushiro,JP,2021-10-22 06:46:29,42.975,144.3747,47.35,87,75,3.44
204,San Patricio,US,2021-10-22 06:46:29,28.017,-97.5169,76.84,81,6,5.01
205,Cidreira,BR,2021-10-22 06:46:30,-30.1811,-50.2056,60.31,92,3,4.65
206,Capao Da Canoa,BR,2021-10-22 06:46:30,-29.7456,-50.0097,60.44,85,0,3.91
207,Biak,ID,2021-10-22 06:46:31,-0.9131,122.8766,80.85,75,100,5.55
208,Okha,RU,2021-10-22 06:46:31,53.5739,142.9478,34.48,85,37,11.5
209,Natal,BR,2021-10-22 06:42:42,-5.795,-35.2094,79.45,89,40,4.61
210,Provideniya,RU,2021-10-22 06:46:32,64.3833,-173.3,28.51,64,75,8.95
211,Dickson,US,2021-10-22 06:43:38,36.077,-87.3878,53.35,93,75,0.0
212,Belaya Gora,RU,2021-10-22 06:46:32,68.5333,146.4167,-7.69,94,60,1.81
213,Montrose,US,2021-10-22 06:45:37,38.4166,-108.2673,35.94,38,36,1.83
214,Korla,CN,2021-10-22 06:46:33,41.7597,86.1469,64.18,20,3,14.29
215,Basco,PH,2021-10-22 06:46:33,20.4487,121.9702,81.1,80,60,26.93
216,Hasaki,JP,2021-10-22 06:46:34,35.7333,140.8333,54.28,89,100,19.91
217,Avarua,CK,2021-10-22 06:46:34,-21.2078,-159.775,71.65,64,75,9.22
218,Slonim,BY,2021-10-22 06:46:35,53.0867,25.3219,47.03,67,87,18.77
219,Los Llanos De Aridane,ES,2021-10-22 06:46:35,28.6585,-17.9182,69.55,74,75,11.01
220,Neuquen,AR,2021-10-22 06:46:36,-38.9516,-68.0591,53.49,50,0,9.22
221,Ahipara,NZ,2021-10-22 06:46:36,-35.1667,173.1667,60.58,92,100,15.95
222,Ibra,OM,2021-10-22 06:46:37,22.6906,58.5334,87.19,33,6,2.48
223,Brownsville,US,2021-10-22 06:46:37,25.9018,-97.4975,79.92,90,1,3.44
224,Souillac,MU,2021-10-22 06:46:38,-20.5167,57.5167,80.98,69,75,16.11
225,Wanxian,CN,2021-10-22 06:46:38,30.8039,108.3897,69.78,51,100,2.62
226,Tomatlan,MX,2021-10-22 06:46:11,19.9333,-105.25,76.17,96,21,2.13
227,Diffa,NE,2021-10-22 06:46:39,13.3154,12.6113,85.28,49,17,9.19
228,Copiapo,CL,2021-10-22 06:43:16,-27.3667,-70.3333,51.49,65,0,1.07
229,Galesong,ID,2021-10-22 06:46:40,-5.3166,119.3661,89.62,70,71,13.69
230,Tiksi,RU,2021-10-22 06:46:40,71.6872,128.8694,7.25,96,100,5.44
231,Magaria,NE,2021-10-22 06:46:40,12.9983,8.9099,83.91,41,7,3.8
232,Kozluk,TR,2021-10-22 06:46:41,38.1938,41.4885,57.99,20,0,2.26
233,Tuktoyaktuk,CA,2021-10-22 06:46:41,69.4541,-133.0374,28.67,83,5,10.18
234,Pemangkat,ID,2021-10-22 06:46:42,1.1667,108.9667,76.46,88,100,4.88
235,Cacu,BR,2021-10-22 06:46:42,-18.5567,-51.1308,69.4,69,2,2.89
236,Qaqortoq,GL,2021-10-22 06:46:43,60.7167,-46.0333,32.5,59,100,3.4
237,Nago,JP,2021-10-22 06:46:43,26.5881,127.9761,75.27,60,100,18.61
238,Palmer,US,2021-10-22 06:43:34,42.1584,-72.3287,61.41,85,90,1.01
239,Airai,TL,2021-10-22 06:46:44,-8.9266,125.4092,76.51,50,100,3.11
240,Lethem,GY,2021-10-22 06:46:45,3.3803,-59.7968,74.61,86,100,1.9
241,Mount Isa,AU,2021-10-22 06:46:45,-20.7333,139.5,103.77,12,40,6.91
242,Key Largo,US,2021-10-22 06:46:45,25.0865,-80.4473,80.01,80,72,12.15
243,Xuddur,SO,2021-10-22 06:46:46,4.1213,43.8894,82.44,57,8,6.35
244,Yellowknife,CA,2021-10-22 06:46:46,62.456,-114.3525,42.42,80,1,16.11
245,Port Shepstone,ZA,2021-10-22 06:46:47,-30.7414,30.455,74.89,63,100,11.7
246,Abnub,EG,2021-10-22 06:46:47,27.2696,31.1511,66.42,50,3,15.41
247,Santiago,CL,2021-10-22 06:43:50,-33.4569,-70.6483,60.85,63,90,6.91
248,Avera,US,2021-10-22 06:46:48,33.194,-82.5271,66.25,84,77,8.05
249,Troitskiy,RU,2021-10-22 06:46:49,57.0603,63.7481,35.26,98,100,9.89
250,Auriflama,BR,2021-10-22 06:46:49,-20.6856,-50.5547,63.25,63,0,7.58
251,Taoudenni,ML,2021-10-22 06:46:50,22.6783,-3.9836,72.36,38,0,11.54
252,Kavieng,PG,2021-10-22 06:46:50,-2.5744,150.7967,82.56,72,100,4.61
253,Hirara,JP,2021-10-22 06:46:50,24.8,125.2833,73.26,83,75,18.41
254,Krasnoye,UA,2021-10-22 06:46:52,49.9145,24.6134,52.95,62,59,15.9
255,Upernavik,GL,2021-10-22 06:46:52,72.7868,-56.1549,19.87,90,100,9.17
256,Te Anau,NZ,2021-10-22 06:46:53,-45.4167,167.7167,53.38,84,88,0.76
257,Gainesville,US,2021-10-22 06:41:56,29.6516,-82.3248,66.09,88,1,0.0
258,Burnie,AU,2021-10-22 06:46:54,-41.0667,145.9167,57.94,93,100,8.77
259,Charlestown,AU,2021-10-22 06:46:54,-32.95,151.6667,72.07,76,0,5.99
260,Gimli,CA,2021-10-22 06:46:55,50.6336,-96.9907,33.82,86,97,6.91
261,Tutubigan,PH,2021-10-22 06:46:55,11.8397,125.0614,79.93,89,100,5.44
262,Disna,BY,2021-10-22 06:46:56,55.568,28.1971,45.57,66,100,24.76
263,Dingle,PH,2021-10-22 06:46:56,10.9995,122.6711,82.2,83,100,10.13
264,Ugoofaaru,MV,2021-10-22 06:46:57,5.6667,73.0,81.23,79,78,9.35
265,Christchurch,NZ,2021-10-22 06:44:59,-43.5333,172.6333,54.0,66,53,7.0
266,Guerrero Negro,MX,2021-10-22 06:46:19,27.9769,-114.0611,66.72,81,0,10.02
267,Bandarbeyla,SO,2021-10-22 06:46:58,9.4942,50.8122,83.21,57,6,5.12
268,Kermanshah,IR,2021-10-22 06:46:58,34.3142,47.065,65.3,24,0,11.5
269,Puerto Colombia,CO,2021-10-22 06:46:59,10.9878,-74.9547,75.29,83,12,7.74
270,Gouyave,GD,2021-10-22 06:46:59,12.1646,-61.7296,79.57,89,40,18.41
271,Chinhoyi,ZW,2021-10-22 06:47:00,-17.3667,30.2,79.09,35,63,9.66
272,Longyearbyen,SJ,2021-10-22 06:47:01,78.2186,15.6401,19.24,93,75,9.22
273,Phonhong,LA,2021-10-22 06:47:01,18.5007,102.4166,80.42,92,100,0.11
274,Victoria,HK,2021-10-22 06:45:02,22.2855,114.1577,70.25,78,100,1.99
275,Salalah,OM,2021-10-22 06:47:02,17.0151,54.0924,82.49,57,0,4.61
276,Leoben,AT,2021-10-22 06:47:03,47.3461,15.1257,45.27,86,86,1.21
277,Ostrovnoy,RU,2021-10-22 06:47:04,68.0531,39.5131,36.16,71,100,21.56
278,Matay,EG,2021-10-22 06:47:04,28.419,30.7792,71.67,60,0,13.82
279,Pangai,TO,2021-10-22 06:47:05,-19.8,-174.35,75.31,64,40,16.11
280,Bollnas,SE,2021-10-22 06:47:05,61.3482,16.3946,38.39,74,34,12.39
281,Idar,DE,2021-10-22 06:47:06,49.7167,7.3,39.69,89,1,8.39
282,Bilma,NE,2021-10-22 06:47:06,18.6853,12.9164,82.63,17,35,14.45
283,Slanic,RO,2021-10-22 06:47:07,45.25,25.9333,58.44,85,100,3.76
284,Namibe,AO,2021-10-22 06:47:07,-15.1961,12.1522,68.63,83,75,9.22
285,Bomet,KE,2021-10-22 06:47:08,-0.7813,35.3416,73.2,47,99,3.85
286,Iqaluit,CA,2021-10-22 06:47:08,63.7506,-68.5145,28.13,92,90,5.99
287,Vanavara,RU,2021-10-22 06:47:09,60.34,102.2797,45.5,57,61,8.14
288,Cordoba,AR,2021-10-22 06:46:39,-31.4135,-64.1811,69.76,43,0,5.99
289,Bereda,ES,2021-10-22 06:47:09,43.2686,-7.5406,49.14,100,100,1.77
290,Nisia Floresta,BR,2021-10-22 06:47:10,-6.0911,-35.2086,79.61,89,100,5.3
291,Bambous Virieux,MU,2021-10-22 06:47:10,-20.3428,57.7575,80.85,69,75,16.11
292,Thompson,CA,2021-10-22 06:42:18,55.7435,-97.8558,30.36,93,90,6.91
293,Chokurdakh,RU,2021-10-22 06:47:11,70.6333,147.9167,-13.76,99,58,3.8
294,Cabo San Lucas,MX,2021-10-22 06:47:12,22.8909,-109.9124,77.5,82,0,4.0
295,Blankenberge,BE,2021-10-22 06:47:12,51.3131,3.1323,51.94,65,68,5.01
296,Salinopolis,BR,2021-10-22 06:47:13,-0.6136,-47.3561,78.89,82,100,6.22
297,Hami,CN,2021-10-22 06:47:13,42.8,93.45,67.26,13,0,3.36
298,Campo Grande,BR,2021-10-22 06:47:12,-20.4428,-54.6464,72.95,53,0,13.8
299,Juneau,US,2021-10-22 06:47:14,58.3019,-134.4197,46.85,97,90,0.0
300,Canutama,BR,2021-10-22 06:47:14,-6.5339,-64.3831,74.03,94,100,2.53
301,Manzanillo,CU,2021-10-22 06:47:15,20.3433,-77.1167,74.23,91,86,2.89
302,Adrar,MR,2021-10-22 06:47:15,20.5022,-10.0711,67.8,32,2,9.08
303,Kozhanka,UA,2021-10-22 06:47:16,49.9793,29.7381,56.86,52,97,14.74
304,Dubbo,AU,2021-10-22 06:47:16,-32.25,148.6167,80.73,32,0,3.44
305,Cornwall,CA,2021-10-22 06:42:45,45.0181,-74.7281,58.24,94,90,5.75
306,Narasannapeta,IN,2021-10-22 06:47:17,18.4167,84.05,86.65,66,78,2.98
307,Noormarkku,FI,2021-10-22 06:47:17,61.5927,21.8685,40.78,93,90,21.85
308,Arica,CL,2021-10-22 06:47:18,-18.475,-70.3042,59.23,77,90,4.61
309,Kandiari,PK,2021-10-22 06:47:18,26.9156,68.5216,92.93,32,0,4.59
310,Padang,ID,2021-10-22 06:47:19,-0.9492,100.3543,87.85,72,96,6.02
311,Eston,CA,2021-10-22 06:47:19,51.1501,-108.7514,26.49,57,0,7.58
312,Sakakah,SA,2021-10-22 06:47:20,29.9697,40.2064,76.57,30,0,13.96
313,Camopi,GF,2021-10-22 06:47:20,3.1655,-52.3158,70.95,100,95,1.39
314,Moron,AR,2021-10-22 06:47:21,-34.6534,-58.6198,67.98,67,72,5.01
315,Vestmannaeyjar,IS,2021-10-22 06:47:21,63.4427,-20.2734,42.69,82,100,21.36
316,Yining,CN,2021-10-22 06:47:22,29.0361,114.5636,63.95,54,96,4.54
317,Altyn-Topkan,TJ,2021-10-22 06:47:22,40.6528,69.5998,36.07,62,98,6.31
318,Porto Novo,BJ,2021-10-22 06:47:07,6.4965,2.6036,75.02,82,95,1.39
319,Mayskiy,RU,2021-10-22 06:47:23,47.6931,40.1025,56.61,77,82,17.25
320,Klaksvik,FO,2021-10-22 06:47:23,62.2266,-6.589,40.12,61,97,21.07
321,Sheltozero,RU,2021-10-22 06:47:24,61.3667,35.3667,46.44,69,73,19.84
322,Ankeny,US,2021-10-22 06:47:13,41.7297,-93.6058,38.8,93,1,0.0
323,Ferrol,ES,2021-10-22 06:47:24,43.4832,-8.2369,54.68,91,100,9.89
324,Naze,JP,2021-10-22 06:43:59,28.3667,129.4833,70.72,62,100,19.22
325,Honningsvag,NO,2021-10-22 06:47:25,70.9821,25.9704,35.35,64,75,28.77
326,Karratha,AU,2021-10-22 06:47:25,-20.7377,116.8463,95.81,21,23,13.87
327,Jammu,IN,2021-10-22 06:47:26,32.7333,74.8667,77.31,25,100,11.61
328,Ilulissat,GL,2021-10-22 06:47:26,69.2167,-51.1,26.62,74,75,3.44
329,Saint George,US,2021-10-22 06:47:27,37.1041,-113.5841,61.54,50,1,1.01
330,Manitouwadge,CA,2021-10-22 06:47:27,49.1215,-85.8403,27.32,84,88,5.84
331,Tessalit,ML,2021-10-22 06:47:28,20.1986,1.0114,76.96,21,0,6.24
332,Dunedin,NZ,2021-10-22 06:47:28,-45.8742,170.5036,52.81,80,99,17.0
333,Touros,BR,2021-10-22 06:47:29,-5.1989,-35.4608,79.7,84,100,9.06
334,Ambon,ID,2021-10-22 06:44:22,-3.6954,128.1814,89.74,62,40,6.91
335,Mujiayingzi,CN,2021-10-22 06:47:29,42.1167,118.7833,50.72,25,0,5.59
336,Rawson,AR,2021-10-22 06:47:30,-43.3002,-65.1023,49.19,54,89,6.58
337,Tasiilaq,GL,2021-10-22 06:47:30,65.6145,-37.6368,32.16,72,100,4.29
338,Alofi,NU,2021-10-22 06:47:31,-19.0595,-169.9187,73.29,68,67,11.5
339,Paamiut,GL,2021-10-22 06:47:31,61.994,-49.6678,36.54,75,98,17.45
340,Ribeira Grande,PT,2021-10-22 06:47:32,38.5167,-28.7,64.8,82,40,3.44
341,Tiarei,PF,2021-10-22 06:47:32,-17.5333,-149.3333,77.02,81,26,11.32
342,Kurilsk,RU,2021-10-22 06:47:33,45.2333,147.8833,43.7,71,53,3.91
343,Alugan,PH,2021-10-22 06:47:34,12.2188,125.4808,80.49,85,100,10.25
344,Campo Maior,BR,2021-10-22 06:47:34,-4.8278,-42.1686,76.5,85,100,3.58
345,Sarahan,IN,2021-10-22 06:47:35,31.5167,77.8,64.38,33,3,7.11
346,Dryden,CA,2021-10-22 06:47:35,49.7833,-92.7503,32.29,86,90,4.61
347,Namatanai,PG,2021-10-22 06:47:36,-3.6667,152.4333,77.92,85,100,8.14
348,Mnogovershinnyy,RU,2021-10-22 06:47:37,53.9353,139.9242,28.71,84,32,6.55
349,Yeppoon,AU,2021-10-22 06:47:37,-23.1333,150.7333,85.78,71,43,14.67
350,Tevaitoa,PF,2021-10-22 06:47:38,-16.7833,-151.5,79.5,76,4,9.55
351,Imbituba,BR,2021-10-22 06:47:38,-28.24,-48.6703,64.81,86,5,8.01
352,Luanda,AO,2021-10-22 06:46:54,-8.8368,13.2343,77.0,83,75,2.3
353,Nelson Bay,AU,2021-10-22 06:43:28,-32.7167,152.15,72.75,74,17,1.99
354,Beloha,MG,2021-10-22 06:47:39,-25.1667,45.05,75.97,40,3,8.19
355,Mocuba,MZ,2021-10-22 06:47:39,-16.8392,36.9856,83.7,38,100,3.94
356,Taraza,CO,2021-10-22 06:47:40,7.5836,-75.4007,73.33,98,98,2.95
357,Larsnes,NO,2021-10-22 06:47:40,62.2028,5.5773,45.61,85,100,20.27
358,Tsiroanomandidy,MG,2021-10-22 06:47:41,-18.7667,46.0333,84.78,29,0,6.4
359,Dandong,CN,2021-10-22 06:47:41,40.1292,124.3947,57.15,41,0,9.22
360,Catalina,US,2021-10-22 06:47:42,32.5056,-110.9211,70.12,35,12,1.77
361,Thunder Bay,CA,2021-10-22 06:47:12,48.4001,-89.3168,34.99,78,40,4.61
362,Maningrida,AU,2021-10-22 06:47:43,-12.0667,134.2667,88.7,53,46,15.93
363,Udachnyy,RU,2021-10-22 06:47:43,66.4167,112.4,27.5,94,100,4.92
364,Maldonado,UY,2021-10-22 06:47:44,-34.6667,-54.9167,60.22,91,22,7.18
365,Mata De Sao Joao,BR,2021-10-22 06:47:44,-12.5303,-38.2992,76.75,97,100,0.81
366,Ryotsu,JP,2021-10-22 06:47:44,38.0833,138.4333,58.96,57,98,11.03
367,Huntsville,US,2021-10-22 06:45:01,34.7304,-86.5861,58.55,96,1,4.0
368,Steinheim,DE,2021-10-22 06:47:45,51.8707,9.0914,45.28,84,41,20.15
369,Araouane,ML,2021-10-22 06:47:46,18.9048,-3.5265,72.21,28,0,9.31
370,Launceston,AU,2021-10-22 06:47:46,-41.45,147.1667,64.04,77,90,4.0
371,Popondetta,PG,2021-10-22 06:47:46,-8.7537,148.2534,78.49,89,100,3.13
372,Bundaberg,AU,2021-10-22 06:45:14,-24.85,152.35,79.09,61,52,19.57
373,Channel-Port Aux Basques,CA,2021-10-22 06:45:10,47.5702,-59.1367,49.05,78,100,4.83
374,Kashi,CN,2021-10-22 06:47:47,39.4547,75.9797,56.41,41,75,15.66
375,Saint-Augustin,CA,2021-10-22 06:47:48,51.226,-58.6502,35.02,79,8,6.62
376,Petropavlovsk-Kamchatskiy,RU,2021-10-22 06:47:48,53.0452,158.6483,32.59,51,20,4.47
377,Egvekinot,RU,2021-10-22 06:47:49,66.3167,-179.1667,10.02,94,55,6.62
378,Hammerfest,NO,2021-10-22 06:47:49,70.6634,23.6821,35.33,69,40,18.41
379,Kulhudhuffushi,MV,2021-10-22 06:47:49,6.6221,73.07,79.99,81,100,4.79
380,Yar-Sale,RU,2021-10-22 06:47:50,66.8333,70.8333,30.76,84,100,9.28
381,Kununurra,AU,2021-10-22 06:47:50,-15.7667,128.7333,103.98,31,14,10.36
382,Luena,AO,2021-10-22 06:47:51,-11.7833,19.9167,70.77,79,85,1.74
383,Yaviza,PA,2021-10-22 06:47:51,8.1537,-77.6931,72.63,99,100,1.39
384,High Level,CA,2021-10-22 06:47:52,58.5169,-117.136,35.69,66,2,7.09
385,Inirida,CO,2021-10-22 06:47:52,3.8653,-67.9239,72.57,99,100,1.28
386,Pakokku,MM,2021-10-22 06:47:52,21.3333,95.1,87.19,64,99,6.6
387,Ust-Koksa,RU,2021-10-22 06:47:53,50.2696,85.6108,50.85,50,100,4.32
388,Pingzhuang,CN,2021-10-22 06:47:54,42.0372,119.2889,52.43,25,0,7.76
389,Omboue,GA,2021-10-22 06:47:54,-1.5746,9.2618,78.28,81,98,8.16
390,Lata,PT,2021-10-22 06:47:55,40.1629,-8.3327,50.41,91,0,3.89
391,Tuensang,IN,2021-10-22 06:47:55,26.2833,94.8333,71.33,90,59,3.51
392,Maarianhamina,AX,2021-10-22 06:47:55,60.0973,19.9348,40.86,65,75,13.8
393,Billings,US,2021-10-22 06:47:56,45.7833,-108.5007,51.57,50,20,0.0
394,Itarema,BR,2021-10-22 06:47:56,-2.9248,-39.9167,77.2,88,100,7.99
395,Bathsheba,BB,2021-10-22 06:47:57,13.2167,-59.5167,81.21,78,20,17.27
396,Amatenango Del Valle,MX,2021-10-22 06:47:57,16.5167,-92.45,55.04,95,100,3.36
397,Orlik,RU,2021-10-22 06:47:58,52.5178,99.825,41.45,28,15,0.45
398,Ancud,CL,2021-10-22 06:47:58,-41.8697,-73.8203,45.93,90,53,6.08
399,Aquiraz,BR,2021-10-22 06:47:58,-3.9014,-38.3911,83.21,70,92,7.29
400,Mahibadhoo,MV,2021-10-22 06:47:59,3.7833,72.9667,82.11,71,12,8.32
401,Ossora,RU,2021-10-22 06:47:59,59.2353,163.0719,19.15,75,2,4.81
402,Kormilovka,RU,2021-10-22 06:48:00,55.0026,74.1028,40.75,49,73,18.39
403,Ketchikan,US,2021-10-22 06:48:00,55.3422,-131.6461,49.77,81,100,9.08
404,Vilyuysk,RU,2021-10-22 06:48:01,63.7553,121.6247,32.97,86,100,5.28
405,Cap Malheureux,MU,2021-10-22 06:48:01,-19.9842,57.6142,81.09,67,14,5.99
406,Mandalgovi,MN,2021-10-22 06:48:02,45.7625,106.2708,44.47,23,100,10.54
407,Ondjiva,AO,2021-10-22 06:48:03,-17.0667,15.7333,75.96,18,69,6.6
408,Wukari,NG,2021-10-22 06:48:03,7.85,9.7833,76.62,88,86,2.48
409,Waingapu,ID,2021-10-22 06:48:04,-9.6567,120.2641,86.47,62,100,5.64
410,Hohhot,CN,2021-10-22 06:48:04,40.8106,111.6522,53.89,22,0,4.47
411,Borcea,RO,2021-10-22 06:48:04,44.3333,27.75,56.21,56,27,11.07
412,Sorkjosen,NO,2021-10-22 06:48:05,69.8,20.9333,29.48,80,100,9.17
413,Pospelikha,RU,2021-10-22 06:48:05,51.95,81.7667,44.82,48,100,18.52
414,Adre,TD,2021-10-22 06:48:06,13.4667,22.2,80.71,24,54,19.69
415,Port-Cartier,CA,2021-10-22 06:48:06,50.0334,-66.8654,44.82,92,100,12.82
416,Cartagena,CO,2021-10-22 06:43:19,10.3997,-75.5144,78.42,94,40,2.3
417,Auki,SB,2021-10-22 06:48:07,-8.7676,160.7034,80.92,78,100,1.92
418,Ulladulla,AU,2021-10-22 06:48:08,-35.35,150.4667,77.77,70,5,8.16
419,Ankang,CN,2021-10-22 06:48:09,32.68,109.0172,65.97,43,100,3.11
420,Rundu,NA,2021-10-22 06:48:09,-17.9333,19.7667,78.71,51,3,6.11
421,San Policarpo,PH,2021-10-22 06:48:10,12.1791,125.5072,80.87,85,100,10.6
422,Chifeng,CN,2021-10-22 06:48:10,42.2683,118.9636,52.05,24,0,6.85
423,Cap-Chat,CA,2021-10-22 06:48:11,49.1001,-66.6821,51.8,76,100,6.91
424,Katsuura,JP,2021-10-22 06:48:11,35.1333,140.3,55.51,92,100,17.76
425,Carnarvon,AU,2021-10-22 06:48:12,-24.8667,113.6333,75.27,57,27,24.16
426,Mogzon,RU,2021-10-22 06:48:12,51.7435,111.9606,47.82,33,0,5.86
427,Bud,US,2021-10-22 06:48:13,39.447,-86.1758,51.91,90,100,6.29
428,Oranjemund,NA,2021-10-22 06:48:13,-28.55,16.4333,62.53,62,100,17.38
429,Ishigaki,JP,2021-10-22 06:48:14,24.3448,124.1572,69.93,94,75,24.16
430,Benguela,AO,2021-10-22 06:48:14,-12.5763,13.4055,74.89,78,100,2.66
431,Biltine,TD,2021-10-22 06:48:15,14.5333,20.9167,85.17,20,99,17.65
432,Keetmanshoop,NA,2021-10-22 06:48:15,-26.5833,18.1333,54.52,50,0,10.85
433,Kristiansund,NO,2021-10-22 06:48:16,63.1115,7.732,43.45,81,75,16.11
434,Bubaque,GW,2021-10-22 06:48:16,11.2833,-15.8333,81.88,74,65,3.42
435,Asau,RO,2021-10-22 06:48:17,46.4333,26.4,61.75,65,100,6.85
436,Siilinjarvi,FI,2021-10-22 06:48:17,63.0833,27.6667,39.22,93,90,16.11
437,Kitimat,CA,2021-10-22 06:48:18,54.0524,-128.6534,44.98,28,100,4.76
438,Huitziltepec,MX,2021-10-22 06:48:18,17.8167,-99.4667,61.95,91,100,2.73
439,Gizo,SB,2021-10-22 06:48:19,-8.103,156.8419,78.78,84,100,8.12
440,Minot,US,2021-10-22 06:44:42,48.2325,-101.2963,40.19,75,90,6.91
441,Playa Del Carmen,MX,2021-10-22 06:45:26,20.6274,-87.0799,75.06,91,99,3.38
442,Warri,NG,2021-10-22 06:48:20,5.5167,5.75,75.76,94,100,1.45
443,Xining,CN,2021-10-22 06:48:20,36.6167,101.7667,52.11,50,12,5.03
444,Peterhead,GB,2021-10-22 06:48:21,57.5058,-1.7981,44.11,59,87,28.86
445,Sitka,US,2021-10-22 06:48:21,57.0531,-135.33,53.49,58,20,16.11
446,Pastavy,BY,2021-10-22 06:48:22,55.1168,26.8326,44.94,65,100,24.29
447,Santa Cruz De La Palma,ES,2021-10-22 06:48:22,28.6835,-17.7642,73.54,68,75,14.97
448,Fukue,JP,2021-10-22 06:48:23,32.6881,128.8419,64.76,42,40,14.97
449,Faya,SA,2021-10-22 06:48:23,18.3851,42.4509,68.52,17,81,14.03
450,Coolum Beach,AU,2021-10-22 06:48:23,-26.5333,153.1,76.1,89,22,9.15
451,Vardo,NO,2021-10-22 06:48:24,70.3705,31.1107,33.78,60,75,23.02
452,Puerto Del Rosario,ES,2021-10-22 06:48:24,28.5004,-13.8627,69.55,83,20,6.91
453,Puerto Montt,CL,2021-10-22 06:46:39,-41.4698,-72.9447,45.43,100,75,3.44
454,Kindu,CD,2021-10-22 06:48:25,-2.95,25.95,72.5,92,100,1.54
455,Hailar,CN,2021-10-22 06:48:25,49.2,119.7,44.91,45,0,11.01
456,Batagay-Alyta,RU,2021-10-22 06:48:26,67.8006,130.4114,10.65,97,96,0.83
457,Shitkino,RU,2021-10-22 06:48:26,56.3703,98.3543,51.8,45,87,3.69
458,Samoded,RU,2021-10-22 06:48:27,63.6083,40.5111,36.43,99,100,5.26
459,Kuybysheve,UA,2021-10-22 06:48:27,47.358,36.6491,57.76,63,1,17.16
460,Irbil,IQ,2021-10-22 06:48:28,36.1926,44.0106,71.42,26,0,6.91
461,Grand Gaube,MU,2021-10-22 06:48:28,-20.0064,57.6608,81.0,67,15,5.99
462,Vanimo,PG,2021-10-22 06:48:29,-2.6741,141.3028,81.84,77,96,3.67
463,Sape,BR,2021-10-22 06:48:29,-7.0964,-35.2328,76.37,87,100,3.15
464,Aykhal,RU,2021-10-22 06:48:30,66.0,111.5,29.84,96,100,7.87
465,Alexandria,EG,2021-10-22 06:47:32,31.2156,29.9553,73.36,60,40,12.66
466,Yulara,AU,2021-10-22 06:48:30,-25.2406,130.9889,96.64,9,0,8.05
467,Calabozo,VE,2021-10-22 06:48:31,8.9242,-67.4293,74.55,79,100,5.93
468,Tabou,CI,2021-10-22 06:48:32,4.423,-7.3528,76.68,89,99,5.32
469,Albuquerque,US,2021-10-22 06:47:32,35.0845,-106.6511,59.0,29,1,3.44
470,Newport,GB,2021-10-22 06:48:00,51.5877,-2.9984,52.45,76,22,13.35
471,Tigzirt,DZ,2021-10-22 06:48:33,36.8886,4.1198,68.23,46,1,3.15
472,Arona,ES,2021-10-22 06:48:34,28.0996,-16.681,66.7,75,20,6.91
473,Januaria,BR,2021-10-22 06:44:06,-15.4833,-44.3667,68.77,96,99,3.58
474,Bayir,TR,2021-10-22 06:48:34,37.2687,28.2167,52.32,52,0,3.83
475,Merauke,ID,2021-10-22 06:48:35,-8.4667,140.3333,84.38,71,93,14.74
476,Kenai,US,2021-10-22 06:48:36,60.5544,-151.2583,40.14,93,90,10.36
477,Port Macquarie,AU,2021-10-22 06:47:36,-31.4333,152.9167,72.9,74,43,6.31
478,Itoman,JP,2021-10-22 06:48:36,26.1247,127.6694,75.22,59,75,26.46
479,Kijini,TZ,2021-10-22 06:48:37,-5.85,39.3167,78.53,59,76,6.38
480,Oneonta,US,2021-10-22 06:48:11,42.4529,-75.0638,60.3,89,95,1.99
481,Praia,CV,2021-10-22 06:48:37,14.9215,-23.5087,79.34,65,0,13.8
482,Tucumcari,US,2021-10-22 06:45:24,35.1717,-103.725,48.04,49,1,10.36
483,Kenora,CA,2021-10-22 06:45:11,49.8167,-94.4337,35.58,93,40,2.3
484,Haines Junction,CA,2021-10-22 06:48:38,60.7522,-137.5108,31.95,86,100,1.14
485,Mecca,SA,2021-10-22 06:44:25,21.4267,39.8261,94.46,17,6,3.02
486,Ambilobe,MG,2021-10-22 06:48:40,-13.2,49.05,92.32,40,100,4.92
487,Birao,CF,2021-10-22 06:48:40,10.2849,22.7882,81.19,64,22,5.01
488,Sabaudia,IT,2021-10-22 06:48:41,41.3003,13.0282,69.15,95,100,12.39
489,Gobardanga,IN,2021-10-22 06:48:41,22.8747,88.7586,91.31,46,0,2.3
490,Yumen,CN,2021-10-22 06:48:42,40.2833,97.2,58.78,15,100,15.99
491,Denpasar,ID,2021-10-22 06:47:21,-8.65,115.2167,87.46,66,40,8.05
492,Gobabis,NA,2021-10-22 06:48:42,-22.45,18.9667,69.08,18,0,12.24
493,Corrente,BR,2021-10-22 06:48:43,-3.7367,-43.3394,72.84,95,100,1.88
494,Fort-Shevchenko,KZ,2021-10-22 06:48:43,44.5086,50.263,59.94,79,0,24.23
495,Tonj,SS,2021-10-22 06:48:44,7.2737,28.6822,82.45,61,28,5.79
496,Sharjah,AE,2021-10-22 06:48:44,25.3573,55.4033,89.94,53,0,6.91
497,Kandi,BJ,2021-10-22 06:48:45,11.1342,2.9386,79.12,69,97,4.32
498,Zhezkazgan,KZ,2021-10-22 06:48:45,47.8043,67.7144,36.61,67,100,22.53
499,Alappuzha,IN,2021-10-22 06:48:46,9.49,76.3264,82.98,75,82,4.61
500,Pinyug,RU,2021-10-22 06:48:46,60.251,47.7842,48.36,94,100,13.0
501,Kiunga,PG,2021-10-22 06:48:47,-6.1219,141.2906,90.07,53,61,4.59
502,Caravelas,BR,2021-10-22 06:48:48,-17.7125,-39.2481,71.96,90,100,7.07
503,Vidim,RU,2021-10-22 06:48:48,56.4088,103.1106,47.62,49,17,5.99
504,Catamarca,AR,2021-10-22 06:48:48,-28.4696,-65.7852,68.58,37,0,14.27
505,Gunjur,GM,2021-10-22 06:48:49,13.2019,-16.7339,73.47,94,40,0.0
506,Pacific Grove,US,2021-10-22 06:48:49,36.6177,-121.9166,62.29,93,75,1.99
507,Arlit,NE,2021-10-22 06:48:50,18.7369,7.3853,86.83,14,0,7.78
508,Beringovskiy,RU,2021-10-22 06:48:50,63.05,179.3167,18.23,92,100,16.15
509,Lavrentiya,RU,2021-10-22 06:48:51,65.5833,-171.0,23.7,84,100,9.01
510,Sept-Iles,CA,2021-10-22 06:48:51,50.2001,-66.3821,45.12,96,90,7.0
511,North Bend,US,2021-10-22 06:48:52,43.4065,-124.2243,53.94,100,90,12.66
512,Mercedes,AR,2021-10-22 06:48:52,-34.6515,-59.4307,65.86,70,49,11.12
513,Oulainen,FI,2021-10-22 06:48:52,64.2667,24.8,36.27,90,100,13.35
514,Clarence Town,AU,2021-10-22 06:48:53,-32.5833,151.7833,72.61,69,10,7.54
515,Emerald,AU,2021-10-22 06:48:54,-23.5333,148.1667,96.35,23,40,19.57
516,Saint Anthony,US,2021-10-22 06:48:54,45.0205,-93.218,38.35,83,1,0.0
517,Kropotkin,RU,2021-10-22 06:48:54,45.4375,40.5756,58.96,41,6,4.88
518,Bairiki,KI,2021-10-22 06:48:55,1.3292,172.9752,84.2,70,75,10.36
519,Honiara,SB,2021-10-22 06:48:56,-9.4333,159.95,81.1,80,100,1.79
520,Sinnamary,GF,2021-10-22 06:48:56,5.3833,-52.95,78.89,85,100,8.9
521,Shahr-E Kord,IR,2021-10-22 06:48:57,32.3256,50.8644,55.17,38,20,4.61
522,Ust-Nera,RU,2021-10-22 06:48:57,64.5667,143.2,7.54,96,100,4.41
523,Vyara,IN,2021-10-22 06:48:58,21.1167,73.4,90.39,45,27,1.99
524,Komsomolskiy,UZ,2021-10-22 06:48:58,40.4272,71.7189,51.15,46,100,18.41
525,The Valley,AI,2021-10-22 06:48:58,18.217,-63.0578,82.26,64,6,20.18
526,Quattro Castella,IT,2021-10-22 06:48:59,44.635,10.4743,60.28,88,28,1.9
527,Varberg,SE,2021-10-22 06:48:59,57.1056,12.2508,48.06,60,96,19.84
528,Bariadi,TZ,2021-10-22 06:49:00,-2.8,33.9833,78.67,43,68,7.38
529,Robertsport,LR,2021-10-22 06:49:01,6.7533,-11.3686,78.44,83,100,2.66
530,Tautira,PF,2021-10-22 06:49:01,-17.7333,-149.15,77.02,81,60,12.8
531,Kailua,US,2021-10-22 06:49:02,21.4022,-157.7394,77.02,74,90,8.05
532,Ust-Kulom,RU,2021-10-22 06:49:03,61.6864,53.6902,41.29,99,100,5.84
533,Dharchula,IN,2021-10-22 06:49:03,29.85,80.5333,76.15,61,13,6.71
534,Durant,US,2021-10-22 06:45:11,33.994,-96.3708,61.52,66,1,0.0
535,Villazon,BO,2021-10-22 06:49:04,-22.0866,-65.5942,42.78,73,1,1.1
536,Celestun,MX,2021-10-22 06:49:04,20.8667,-90.4,75.43,87,98,7.56
537,Dali,CN,2021-10-22 06:49:05,25.7,100.1833,54.66,95,100,4.36
538,Porterville,US,2021-10-22 06:49:05,36.0652,-119.0168,59.59,58,1,8.05
539,Port Hardy,CA,2021-10-22 06:45:11,50.6996,-127.4199,53.6,87,90,18.41
540,Marsa Matruh,EG,2021-10-22 06:49:06,31.3525,27.2453,68.2,64,40,6.91
541,Qasigiannguit,GL,2021-10-22 06:49:06,68.8193,-51.1922,26.85,91,24,5.99
542,Acapulco,MX,2021-10-22 06:49:07,16.8634,-99.8901,78.3,85,87,3.11
543,Dillon,US,2021-10-22 06:49:07,34.4166,-79.3712,69.37,81,95,11.36
544,Akure,NG,2021-10-22 06:49:08,7.2526,5.1931,73.24,95,93,2.04
545,Bay City,US,2021-10-22 06:48:00,43.5945,-83.8889,43.95,82,1,8.05
546,Benghazi,LY,2021-10-22 06:49:09,32.1167,20.0667,70.16,57,97,10.51
547,Seydi,TM,2021-10-22 06:49:09,39.4816,62.9137,51.37,29,22,2.1
548,Gremyachinsk,RU,2021-10-22 06:49:10,58.5603,57.851,37.6,99,100,6.24
549,Kibala,TD,2021-10-22 06:49:10,9.1104,18.3463,76.95,83,0,0.0
550,Kruisfontein,ZA,2021-10-22 06:49:11,-34.0033,24.7314,64.89,79,100,20.31
551,Najran,SA,2021-10-22 06:49:11,17.4924,44.1277,79.45,22,100,15.57
552,Dothan,US,2021-10-22 06:45:26,31.2232,-85.3905,68.97,97,1,1.01
553,Marawi,PH,2021-10-22 06:49:12,7.9986,124.2928,73.65,80,69,5.06
554,Lerwick,GB,2021-10-22 06:49:13,60.1545,-1.1494,42.8,61,64,26.35
555,Aleksandrovsk-Sakhalinskiy,RU,2021-10-22 06:49:13,50.8975,142.1561,33.49,79,26,3.76
556,French Harbor,HN,2021-10-22 06:49:14,16.35,-86.4333,80.6,99,40,1.01
557,Aktash,RU,2021-10-22 06:49:14,50.3,87.7333,39.07,48,100,5.06
558,Puerto Cabezas,NI,2021-10-22 06:49:15,14.0351,-83.3888,77.68,89,85,3.36
559,Ust-Kalmanka,RU,2021-10-22 06:49:15,52.1207,83.305,41.86,74,100,15.99
560,Ilo,PE,2021-10-22 06:49:16,-17.6394,-71.3375,59.85,85,52,6.67
561,Chatrapur,IN,2021-10-22 06:49:16,19.35,84.9833,87.1,58,100,3.67
562,Maniitsoq,GL,2021-10-22 06:49:17,65.4167,-52.9,30.09,57,1,11.21
563,Abha,SA,2021-10-22 06:49:17,18.2164,42.5053,68.25,21,0,5.75
564,Theunissen,ZA,2021-10-22 06:49:18,-28.411,26.7011,64.06,62,100,24.47
565,Kaohsiung,TW,2021-10-22 06:45:58,22.6163,120.3133,85.03,67,75,1.99
566,Ravar,IR,2021-10-22 06:49:19,31.2656,56.8055,64.65,28,0,9.22
567,Nouakchott,MR,2021-10-22 06:49:19,18.0858,-15.9785,69.73,32,12,11.86
